USE sport_shop;
SET FOREIGN_KEY_CHECKS = 0;
TRUNCATE TABLE reviews;
TRUNCATE TABLE notifications;
TRUNCATE TABLE messages;
TRUNCATE TABLE cart_items;
TRUNCATE TABLE order_items;
TRUNCATE TABLE orders;
TRUNCATE TABLE coupons;
TRUNCATE TABLE products;
TRUNCATE TABLE categories;
TRUNCATE TABLE users;
INSERT INTO users (id, email, password, role, is_active, is_verified) VALUES (1, 'admin@smart.com', '$2a$10$DowM6gVq0a9.c2B3p2N3.e6z.b5h4m.b5h4m.b5h4m.b5h4m.b5h4m', 'ADMIN', 1, 1),
(2, 'user2@gmail.com', '$2a$10$DowM6gVq0a9.c2B3p2N3.e6z.b5h4m.b5h4m.b5h4m.b5h4m.b5h4m', 'USER', 1, 1),
(3, 'user3@gmail.com', '$2a$10$DowM6gVq0a9.c2B3p2N3.e6z.b5h4m.b5h4m.b5h4m.b5h4m.b5h4m', 'USER', 1, 1),
(4, 'user4@gmail.com', '$2a$10$DowM6gVq0a9.c2B3p2N3.e6z.b5h4m.b5h4m.b5h4m.b5h4m.b5h4m', 'USER', 1, 1),
(5, 'user5@gmail.com', '$2a$10$DowM6gVq0a9.c2B3p2N3.e6z.b5h4m.b5h4m.b5h4m.b5h4m.b5h4m', 'USER', 1, 1),
(6, 'user6@gmail.com', '$2a$10$DowM6gVq0a9.c2B3p2N3.e6z.b5h4m.b5h4m.b5h4m.b5h4m.b5h4m', 'USER', 1, 1),
(7, 'user7@gmail.com', '$2a$10$DowM6gVq0a9.c2B3p2N3.e6z.b5h4m.b5h4m.b5h4m.b5h4m.b5h4m', 'USER', 1, 1),
(8, 'user8@gmail.com', '$2a$10$DowM6gVq0a9.c2B3p2N3.e6z.b5h4m.b5h4m.b5h4m.b5h4m.b5h4m', 'USER', 1, 1),
(9, 'user9@gmail.com', '$2a$10$DowM6gVq0a9.c2B3p2N3.e6z.b5h4m.b5h4m.b5h4m.b5h4m.b5h4m', 'USER', 1, 1),
(10, 'user10@gmail.com', '$2a$10$DowM6gVq0a9.c2B3p2N3.e6z.b5h4m.b5h4m.b5h4m.b5h4m.b5h4m', 'USER', 1, 1),
(11, 'user11@gmail.com', '$2a$10$DowM6gVq0a9.c2B3p2N3.e6z.b5h4m.b5h4m.b5h4m.b5h4m.b5h4m', 'USER', 1, 1),
(12, 'user12@gmail.com', '$2a$10$DowM6gVq0a9.c2B3p2N3.e6z.b5h4m.b5h4m.b5h4m.b5h4m.b5h4m', 'USER', 1, 1),
(13, 'user13@gmail.com', '$2a$10$DowM6gVq0a9.c2B3p2N3.e6z.b5h4m.b5h4m.b5h4m.b5h4m.b5h4m', 'USER', 1, 1),
(14, 'user14@gmail.com', '$2a$10$DowM6gVq0a9.c2B3p2N3.e6z.b5h4m.b5h4m.b5h4m.b5h4m.b5h4m', 'USER', 1, 1),
(15, 'user15@gmail.com', '$2a$10$DowM6gVq0a9.c2B3p2N3.e6z.b5h4m.b5h4m.b5h4m.b5h4m.b5h4m', 'USER', 1, 1),
(16, 'user16@gmail.com', '$2a$10$DowM6gVq0a9.c2B3p2N3.e6z.b5h4m.b5h4m.b5h4m.b5h4m.b5h4m', 'USER', 1, 1),
(17, 'user17@gmail.com', '$2a$10$DowM6gVq0a9.c2B3p2N3.e6z.b5h4m.b5h4m.b5h4m.b5h4m.b5h4m', 'USER', 1, 1),
(18, 'user18@gmail.com', '$2a$10$DowM6gVq0a9.c2B3p2N3.e6z.b5h4m.b5h4m.b5h4m.b5h4m.b5h4m', 'USER', 1, 1),
(19, 'user19@gmail.com', '$2a$10$DowM6gVq0a9.c2B3p2N3.e6z.b5h4m.b5h4m.b5h4m.b5h4m.b5h4m', 'USER', 1, 1),
(20, 'user20@gmail.com', '$2a$10$DowM6gVq0a9.c2B3p2N3.e6z.b5h4m.b5h4m.b5h4m.b5h4m.b5h4m', 'USER', 1, 1),
(21, 'user21@gmail.com', '$2a$10$DowM6gVq0a9.c2B3p2N3.e6z.b5h4m.b5h4m.b5h4m.b5h4m.b5h4m', 'USER', 1, 1);
INSERT INTO categories (id, name, description) VALUES (1, 'Category 1', 'Description 1'),
(2, 'Category 2', 'Description 2'),
(3, 'Category 3', 'Description 3'),
(4, 'Category 4', 'Description 4'),
(5, 'Category 5', 'Description 5'),
(6, 'Category 6', 'Description 6'),
(7, 'Category 7', 'Description 7'),
(8, 'Category 8', 'Description 8'),
(9, 'Category 9', 'Description 9'),
(10, 'Category 10', 'Description 10'),
(11, 'Category 11', 'Description 11'),
(12, 'Category 12', 'Description 12'),
(13, 'Category 13', 'Description 13'),
(14, 'Category 14', 'Description 14'),
(15, 'Category 15', 'Description 15'),
(16, 'Category 16', 'Description 16'),
(17, 'Category 17', 'Description 17'),
(18, 'Category 18', 'Description 18'),
(19, 'Category 19', 'Description 19'),
(20, 'Category 20', 'Description 20'),
(21, 'Category 21', 'Description 21');
INSERT INTO products (id, name, price, description, stock, image_url, category_id, brand, sale_price, sku, status, variations) VALUES (1, 'Product 1', 100.0, 'Desc 1', 50, 'url', 5, 'BrandX', 90.0, 'SKU1', 'ACTIVE', 'None'),
(2, 'Product 2', 100.0, 'Desc 2', 50, 'url', 20, 'BrandX', 90.0, 'SKU2', 'ACTIVE', 'None'),
(3, 'Product 3', 100.0, 'Desc 3', 50, 'url', 19, 'BrandX', 90.0, 'SKU3', 'ACTIVE', 'None'),
(4, 'Product 4', 100.0, 'Desc 4', 50, 'url', 13, 'BrandX', 90.0, 'SKU4', 'ACTIVE', 'None'),
(5, 'Product 5', 100.0, 'Desc 5', 50, 'url', 13, 'BrandX', 90.0, 'SKU5', 'ACTIVE', 'None'),
(6, 'Product 6', 100.0, 'Desc 6', 50, 'url', 15, 'BrandX', 90.0, 'SKU6', 'ACTIVE', 'None'),
(7, 'Product 7', 100.0, 'Desc 7', 50, 'url', 17, 'BrandX', 90.0, 'SKU7', 'ACTIVE', 'None'),
(8, 'Product 8', 100.0, 'Desc 8', 50, 'url', 15, 'BrandX', 90.0, 'SKU8', 'ACTIVE', 'None'),
(9, 'Product 9', 100.0, 'Desc 9', 50, 'url', 5, 'BrandX', 90.0, 'SKU9', 'ACTIVE', 'None'),
(10, 'Product 10', 100.0, 'Desc 10', 50, 'url', 20, 'BrandX', 90.0, 'SKU10', 'ACTIVE', 'None'),
(11, 'Product 11', 100.0, 'Desc 11', 50, 'url', 13, 'BrandX', 90.0, 'SKU11', 'ACTIVE', 'None'),
(12, 'Product 12', 100.0, 'Desc 12', 50, 'url', 10, 'BrandX', 90.0, 'SKU12', 'ACTIVE', 'None'),
(13, 'Product 13', 100.0, 'Desc 13', 50, 'url', 8, 'BrandX', 90.0, 'SKU13', 'ACTIVE', 'None'),
(14, 'Product 14', 100.0, 'Desc 14', 50, 'url', 2, 'BrandX', 90.0, 'SKU14', 'ACTIVE', 'None'),
(15, 'Product 15', 100.0, 'Desc 15', 50, 'url', 20, 'BrandX', 90.0, 'SKU15', 'ACTIVE', 'None'),
(16, 'Product 16', 100.0, 'Desc 16', 50, 'url', 6, 'BrandX', 90.0, 'SKU16', 'ACTIVE', 'None'),
(17, 'Product 17', 100.0, 'Desc 17', 50, 'url', 13, 'BrandX', 90.0, 'SKU17', 'ACTIVE', 'None'),
(18, 'Product 18', 100.0, 'Desc 18', 50, 'url', 1, 'BrandX', 90.0, 'SKU18', 'ACTIVE', 'None'),
(19, 'Product 19', 100.0, 'Desc 19', 50, 'url', 14, 'BrandX', 90.0, 'SKU19', 'ACTIVE', 'None'),
(20, 'Product 20', 100.0, 'Desc 20', 50, 'url', 20, 'BrandX', 90.0, 'SKU20', 'ACTIVE', 'None'),
(21, 'Product 21', 100.0, 'Desc 21', 50, 'url', 3, 'BrandX', 90.0, 'SKU21', 'ACTIVE', 'None');
INSERT INTO coupons (id, code, discount_percent, expiry_date, is_active) VALUES (1, 'CODE1', 5, '2026-12-31', 1),
(2, 'CODE2', 11, '2026-12-31', 1),
(3, 'CODE3', 9, '2026-12-31', 1),
(4, 'CODE4', 17, '2026-12-31', 1),
(5, 'CODE5', 43, '2026-12-31', 1),
(6, 'CODE6', 27, '2026-12-31', 1),
(7, 'CODE7', 38, '2026-12-31', 1),
(8, 'CODE8', 41, '2026-12-31', 1),
(9, 'CODE9', 9, '2026-12-31', 1),
(10, 'CODE10', 7, '2026-12-31', 1),
(11, 'CODE11', 15, '2026-12-31', 1),
(12, 'CODE12', 17, '2026-12-31', 1),
(13, 'CODE13', 40, '2026-12-31', 1),
(14, 'CODE14', 42, '2026-12-31', 1),
(15, 'CODE15', 44, '2026-12-31', 1),
(16, 'CODE16', 42, '2026-12-31', 1),
(17, 'CODE17', 45, '2026-12-31', 1),
(18, 'CODE18', 18, '2026-12-31', 1),
(19, 'CODE19', 40, '2026-12-31', 1),
(20, 'CODE20', 48, '2026-12-31', 1),
(21, 'CODE21', 26, '2026-12-31', 1);
INSERT INTO orders (id, user_id, total, status, payment_method, coupon_id, created_at) VALUES (1, 13, 200.0, 'PENDING', 'VNPAY', NULL, NOW()),
(2, 14, 200.0, 'PENDING', 'VNPAY', NULL, NOW()),
(3, 12, 200.0, 'PENDING', 'VNPAY', NULL, NOW()),
(4, 14, 200.0, 'PENDING', 'VNPAY', NULL, NOW()),
(5, 2, 200.0, 'PENDING', 'VNPAY', NULL, NOW()),
(6, 12, 200.0, 'PENDING', 'VNPAY', NULL, NOW()),
(7, 12, 200.0, 'PENDING', 'VNPAY', NULL, NOW()),
(8, 3, 200.0, 'PENDING', 'VNPAY', NULL, NOW()),
(9, 6, 200.0, 'PENDING', 'VNPAY', NULL, NOW()),
(10, 6, 200.0, 'PENDING', 'VNPAY', NULL, NOW()),
(11, 7, 200.0, 'PENDING', 'VNPAY', NULL, NOW()),
(12, 13, 200.0, 'PENDING', 'VNPAY', NULL, NOW()),
(13, 14, 200.0, 'PENDING', 'VNPAY', NULL, NOW()),
(14, 19, 200.0, 'PENDING', 'VNPAY', NULL, NOW()),
(15, 14, 200.0, 'PENDING', 'VNPAY', NULL, NOW()),
(16, 15, 200.0, 'PENDING', 'VNPAY', NULL, NOW()),
(17, 19, 200.0, 'PENDING', 'VNPAY', NULL, NOW()),
(18, 2, 200.0, 'PENDING', 'VNPAY', NULL, NOW()),
(19, 2, 200.0, 'PENDING', 'VNPAY', NULL, NOW()),
(20, 8, 200.0, 'PENDING', 'VNPAY', NULL, NOW()),
(21, 6, 200.0, 'PENDING', 'VNPAY', NULL, NOW());
INSERT INTO order_items (id, order_id, product_id, quantity) VALUES (1, 11, 4, 5),
(2, 11, 7, 1),
(3, 15, 15, 2),
(4, 13, 17, 2),
(5, 13, 16, 3),
(6, 8, 3, 2),
(7, 9, 12, 2),
(8, 12, 7, 2),
(9, 6, 20, 4),
(10, 7, 10, 5),
(11, 18, 2, 5),
(12, 16, 18, 4),
(13, 7, 15, 3),
(14, 6, 1, 2),
(15, 3, 16, 3),
(16, 10, 4, 2),
(17, 14, 5, 4),
(18, 16, 15, 1),
(19, 9, 12, 2),
(20, 4, 13, 4),
(21, 8, 15, 3);
INSERT INTO cart_items (id, user_id, product_id, quantity) VALUES (1, 13, 14, 2),
(2, 16, 18, 1),
(3, 12, 21, 2),
(4, 21, 21, 1),
(5, 3, 5, 2),
(6, 9, 19, 1),
(7, 18, 5, 1),
(8, 9, 14, 1),
(9, 8, 6, 3),
(10, 15, 1, 3),
(11, 7, 7, 1),
(12, 3, 12, 1),
(13, 13, 20, 1),
(14, 15, 14, 2),
(15, 13, 17, 1),
(16, 13, 13, 3),
(17, 14, 20, 3),
(18, 12, 17, 2),
(19, 12, 6, 1),
(20, 18, 16, 3),
(21, 16, 20, 1);
INSERT INTO messages (id, sender_id, receiver_id, content, status, created_at) VALUES (1, 20, 1, 'Hello Admin 1', 'SENT', NOW()),
(2, 16, 1, 'Hello Admin 2', 'SENT', NOW()),
(3, 2, 1, 'Hello Admin 3', 'SENT', NOW()),
(4, 7, 1, 'Hello Admin 4', 'SENT', NOW()),
(5, 18, 1, 'Hello Admin 5', 'SENT', NOW()),
(6, 5, 1, 'Hello Admin 6', 'SENT', NOW()),
(7, 20, 1, 'Hello Admin 7', 'SENT', NOW()),
(8, 19, 1, 'Hello Admin 8', 'SENT', NOW()),
(9, 15, 1, 'Hello Admin 9', 'SENT', NOW()),
(10, 16, 1, 'Hello Admin 10', 'SENT', NOW()),
(11, 12, 1, 'Hello Admin 11', 'SENT', NOW()),
(12, 11, 1, 'Hello Admin 12', 'SENT', NOW()),
(13, 21, 1, 'Hello Admin 13', 'SENT', NOW()),
(14, 18, 1, 'Hello Admin 14', 'SENT', NOW()),
(15, 4, 1, 'Hello Admin 15', 'SENT', NOW()),
(16, 21, 1, 'Hello Admin 16', 'SENT', NOW()),
(17, 13, 1, 'Hello Admin 17', 'SENT', NOW()),
(18, 8, 1, 'Hello Admin 18', 'SENT', NOW()),
(19, 12, 1, 'Hello Admin 19', 'SENT', NOW()),
(20, 6, 1, 'Hello Admin 20', 'SENT', NOW()),
(21, 18, 1, 'Hello Admin 21', 'SENT', NOW());
INSERT INTO notifications (id, user_id, content, is_read, created_at) VALUES (1, 19, 'Info 1', 0, NOW()),
(2, 14, 'Info 2', 0, NOW()),
(3, 21, 'Info 3', 0, NOW()),
(4, 6, 'Info 4', 0, NOW()),
(5, 12, 'Info 5', 0, NOW()),
(6, 20, 'Info 6', 0, NOW()),
(7, 3, 'Info 7', 0, NOW()),
(8, 21, 'Info 8', 0, NOW()),
(9, 8, 'Info 9', 0, NOW()),
(10, 16, 'Info 10', 0, NOW()),
(11, 17, 'Info 11', 0, NOW()),
(12, 17, 'Info 12', 0, NOW()),
(13, 7, 'Info 13', 0, NOW()),
(14, 21, 'Info 14', 0, NOW()),
(15, 5, 'Info 15', 0, NOW()),
(16, 8, 'Info 16', 0, NOW()),
(17, 20, 'Info 17', 0, NOW()),
(18, 8, 'Info 18', 0, NOW()),
(19, 15, 'Info 19', 0, NOW()),
(20, 13, 'Info 20', 0, NOW()),
(21, 3, 'Info 21', 0, NOW());
INSERT INTO reviews (id, user_id, product_id, rating, comment, created_at) VALUES (1, 18, 6, 5, 'Great 1', NOW()),
(2, 8, 2, 2, 'Great 2', NOW()),
(3, 10, 20, 1, 'Great 3', NOW()),
(4, 14, 13, 5, 'Great 4', NOW()),
(5, 9, 2, 3, 'Great 5', NOW()),
(6, 14, 19, 4, 'Great 6', NOW()),
(7, 17, 12, 2, 'Great 7', NOW()),
(8, 13, 3, 4, 'Great 8', NOW()),
(9, 14, 1, 3, 'Great 9', NOW()),
(10, 20, 11, 2, 'Great 10', NOW()),
(11, 10, 21, 3, 'Great 11', NOW()),
(12, 6, 20, 4, 'Great 12', NOW()),
(13, 9, 4, 2, 'Great 13', NOW()),
(14, 13, 17, 2, 'Great 14', NOW()),
(15, 19, 17, 1, 'Great 15', NOW()),
(16, 2, 19, 3, 'Great 16', NOW()),
(17, 20, 21, 3, 'Great 17', NOW()),
(18, 13, 6, 1, 'Great 18', NOW()),
(19, 9, 14, 3, 'Great 19', NOW()),
(20, 14, 18, 3, 'Great 20', NOW()),
(21, 6, 9, 3, 'Great 21', NOW());
SET FOREIGN_KEY_CHECKS = 1;